{
  "results": [
    {
      "command": "./target/release/rust-rt-one-weekend --width 64 --height 64 --samples 1000 --bounces 4 next_week_final",
      "mean": 29.588271309954997,
      "stddev": 0.8442046656393049,
      "median": 29.845988193855,
      "user": 228.06037021000003,
      "system": 1.3981720800000002,
      "min": 28.257765320855,
      "max": 30.562450348855,
      "times": [
        28.257765320855,
        28.516869600855,
        28.878243314855,
        29.090934279855,
        29.924696968855,
        29.976436456854998,
        29.767279418854997,
        30.562450348855,
        30.437559719855,
        30.470477669854997
      ],
      "parameter": "next_week_final"
    },
    {
      "command": "./target/release/rust-rt-one-weekend --width 64 --height 64 --samples 1000 --bounces 4 weekend_final",
      "mean": 9.762863548555,
      "stddev": 0.3740696375268199,
      "median": 9.639157374855,
      "user": 74.52229341,
      "system": 0.70816528,
      "min": 9.375991450855,
      "max": 10.509512218855,
      "times": [
        9.734446629855,
        9.375991450855,
        10.072125129855001,
        9.403892973855001,
        10.509512218855,
        9.543868119855,
        9.432383090855,
        10.011645648855,
        9.540395583855,
        10.004374638855001
      ],
      "parameter": "weekend_final"
    },
    {
      "command": "./target/release/rust-rt-one-weekend --width 64 --height 64 --samples 1000 --bounces 4 cornel_instances",
      "mean": 0.8341916808550002,
      "stddev": 0.023831287488665195,
      "median": 0.8270819533550001,
      "user": 5.729535109999999,
      "system": 0.2821868799999999,
      "min": 0.809173669855,
      "max": 0.8781319538550001,
      "times": [
        0.8316022608550001,
        0.8649464398550001,
        0.8781319538550001,
        0.8545965298550001,
        0.8181616428550001,
        0.818953862855,
        0.8105157228550001,
        0.809173669855,
        0.8332730798550001,
        0.8225616458550001
      ],
      "parameter": "cornel_instances"
    },
    {
      "command": "./target/release/rust-rt-one-weekend --width 64 --height 64 --samples 1000 --bounces 4 cornel_volumes",
      "mean": 1.264750160755,
      "stddev": 0.051685020767189484,
      "median": 1.273990636855,
      "user": 8.90454611,
      "system": 0.28211988,
      "min": 1.209895940855,
      "max": 1.362146219855,
      "times": [
        1.215182557855,
        1.2107315598550001,
        1.2128126298550002,
        1.209895940855,
        1.362146219855,
        1.283643407855,
        1.264337865855,
        1.304567600855,
        1.296389288855,
        1.287794535855
      ],
      "parameter": "cornel_volumes"
    },
    {
      "command": "./target/release/rust-rt-one-weekend --width 64 --height 64 --samples 1000 --bounces 4 perlin",
      "mean": 0.7281940119550001,
      "stddev": 0.009183321951020215,
      "median": 0.7252260993550002,
      "user": 5.039405409999999,
      "system": 0.21273477999999998,
      "min": 0.7147314118550001,
      "max": 0.7430701858550001,
      "times": [
        0.7256208138550001,
        0.7355459848550001,
        0.7147314118550001,
        0.7212614538550001,
        0.7324703238550001,
        0.722514927855,
        0.7248313848550001,
        0.7217076798550001,
        0.7401859528550001,
        0.7430701858550001
      ],
      "parameter": "perlin"
    }
  ]
}
