{
  "results": [
    {
      "command": "./target/release/rust-rt-one-weekend --width 128 --height 128 --bounces 4 -s 62 next_week_final",
      "mean": 5.172804304325,
      "stddev": 0.1357325305486619,
      "median": 5.208016254075,
      "user": 36.259775739999995,
      "system": 2.510218945,
      "min": 4.901485479575,
      "max": 5.321604492575,
      "times": [
        4.937590910575,
        4.964877037575,
        5.317811146575,
        5.162326722575,
        5.217462622575,
        5.174902681575,
        4.911767782575,
        4.901485479575,
        5.250497587575,
        5.310000832575,
        5.1922378115750005,
        5.153010694575,
        5.237826773575,
        5.198569885575,
        5.218434000575,
        5.218640800575,
        5.1785721295750005,
        5.304869948575,
        5.321604492575,
        5.283596745575
      ],
      "parameter": "-s 62 next_week_final"
    },
    {
      "command": "./target/release/rust-rt-one-weekend --width 128 --height 128 --bounces 4 -s 220 weekend_final",
      "mean": 8.386841875225,
      "stddev": 0.089435975472892,
      "median": 8.387466178075,
      "user": 63.30596289,
      "system": 1.7699343450000005,
      "min": 8.244273434575,
      "max": 8.528396653575,
      "times": [
        8.244273434575,
        8.298308397575001,
        8.251459817575,
        8.354657696575,
        8.459987085575,
        8.377829469575,
        8.365222452575,
        8.480802809575,
        8.463417544575,
        8.284471616575,
        8.397102886575,
        8.528396653575,
        8.322855245575001,
        8.473472262575001,
        8.298495442575,
        8.442955774575,
        8.437686658575,
        8.515649020575,
        8.443826453575,
        8.295966781575
      ],
      "parameter": "-s 220 weekend_final"
    },
    {
      "command": "./target/release/rust-rt-one-weekend --width 128 --height 128 --bounces 4 -s 2950 cornel_instances",
      "mean": 6.604207209275001,
      "stddev": 0.031036525469647556,
      "median": 6.5984683285750005,
      "user": 49.51886409,
      "system": 1.433821745,
      "min": 6.564790356575,
      "max": 6.671906208575,
      "times": [
        6.630287838575001,
        6.590828042575,
        6.611338813575,
        6.595887084575001,
        6.602185952575001,
        6.564790356575,
        6.5782486295750005,
        6.5750933565750005,
        6.601107589575,
        6.608216320575,
        6.657738676575001,
        6.586620003575,
        6.616493830575,
        6.671906208575,
        6.5758372055750005,
        6.666771594575,
        6.581843768575,
        6.6010495725750005,
        6.5953254205750005,
        6.572573919575
      ],
      "parameter": "-s 2950 cornel_instances"
    },
    {
      "command": "./target/release/rust-rt-one-weekend --width 128 --height 128 --bounces 4 -s 1900 cornel_volumes",
      "mean": 6.325966504774999,
      "stddev": 0.03428173392008241,
      "median": 6.322903928075,
      "user": 47.39591039,
      "system": 1.391266245,
      "min": 6.267001730575,
      "max": 6.429814181575,
      "times": [
        6.311587634575,
        6.312348210575,
        6.336265993575,
        6.310505812575,
        6.351424979575,
        6.303240228575,
        6.368072227575,
        6.300288298575,
        6.360493878575,
        6.309146437575,
        6.338831843575,
        6.323647340575,
        6.332835441575,
        6.323390835575,
        6.267001730575,
        6.284756307575,
        6.322417020575,
        6.325267032575,
        6.307994659575,
        6.429814181575
      ],
      "parameter": "-s 1900 cornel_volumes"
    },
    {
      "command": "./target/release/rust-rt-one-weekend --width 128 --height 128 --bounces 4 -s 3300 perlin",
      "mean": 7.496951664775001,
      "stddev": 0.07486134343335163,
      "median": 7.512636347575,
      "user": 56.62200419,
      "system": 1.4522480449999997,
      "min": 7.2927015685750005,
      "max": 7.5868861535750005,
      "times": [
        7.5868861535750005,
        7.513666318575,
        7.555802221575,
        7.581809921575,
        7.541672225575001,
        7.378723637575,
        7.533821547575,
        7.364807519575,
        7.5516283005750005,
        7.474846802575,
        7.560115725575,
        7.503596989575,
        7.531266179575,
        7.488843341575,
        7.478254125575,
        7.2927015685750005,
        7.516947703575,
        7.463968320575,
        7.5080683155750005,
        7.511606376575
      ],
      "parameter": "-s 3300 perlin"
    }
  ]
}
