{
  "results": [
    {
      "command": "./target/release/rust-rt-one-weekend --width 128 --height 128 --bounces 4 -s 62 next_week_final",
      "mean": 8.66188061815,
      "stddev": 0.24001434577276637,
      "median": 8.68980161215,
      "user": 56.87018748499999,
      "system": 3.335675435,
      "min": 7.93257169465,
      "max": 8.97563818265,
      "times": [
        7.93257169465,
        8.17054019165,
        8.59408799165,
        8.58142681365,
        8.82300818865,
        8.69594114165,
        8.83703602165,
        8.762838963650001,
        8.76716621665,
        8.59368502765,
        8.76278740065,
        8.67533987265,
        8.60875432765,
        8.64464046665,
        8.58363943065,
        8.86829530565,
        8.97563818265,
        8.87741995465,
        8.79913308765,
        8.68366208265
      ],
      "parameter": "-s 62 next_week_final"
    },
    {
      "command": "./target/release/rust-rt-one-weekend --width 128 --height 128 --bounces 4 -s 220 weekend_final",
      "mean": 9.0309585255,
      "stddev": 0.11675050204124653,
      "median": 8.99757413965,
      "user": 63.044043034999994,
      "system": 1.8607978850000002,
      "min": 8.90779921265,
      "max": 9.32123253165,
      "times": [
        9.04188637665,
        9.01248448465,
        9.05342547765,
        9.32123253165,
        8.94984694765,
        8.946926673650001,
        9.02165462665,
        9.14205754865,
        8.94695307265,
        9.22919783365,
        8.97378679765,
        8.93420259165,
        8.92209655865,
        9.09792795665,
        9.22700492965,
        9.02587597665,
        8.92995324665,
        8.90779921265,
        8.95219387165,
        8.98266379465
      ],
      "parameter": "-s 220 weekend_final"
    },
    {
      "command": "./target/release/rust-rt-one-weekend --width 128 --height 128 --bounces 4 -s 2950 cornel_instances",
      "mean": 8.793073984000001,
      "stddev": 0.09675375819005899,
      "median": 8.75383169815,
      "user": 61.928727685,
      "system": 1.585151685,
      "min": 8.68437938765,
      "max": 8.98600132865,
      "times": [
        8.71194767665,
        8.70084244865,
        8.72278629065,
        8.94847308365,
        8.73137692965,
        8.96885454865,
        8.68437938765,
        8.709793264650001,
        8.75523013065,
        8.78735681765,
        8.808136117650001,
        8.98600132865,
        8.72940489765,
        8.75243326565,
        8.90726723765,
        8.73924133865,
        8.92254052165,
        8.77550942765,
        8.74561209465,
        8.774292871650001
      ],
      "parameter": "-s 2950 cornel_instances"
    },
    {
      "command": "./target/release/rust-rt-one-weekend --width 128 --height 128 --bounces 4 -s 1900 cornel_volumes",
      "mean": 8.905380483800002,
      "stddev": 0.18104858734625798,
      "median": 8.83693777865,
      "user": 62.419866784999996,
      "system": 1.6132229850000002,
      "min": 8.71780274165,
      "max": 9.32856101965,
      "times": [
        8.92534383565,
        8.91904500065,
        8.98282250165,
        9.305736413650001,
        8.73010870065,
        8.75397111065,
        8.77261716065,
        8.83148255265,
        9.07761664765,
        8.863292736650001,
        9.15902342065,
        8.71780274165,
        8.74424605665,
        8.84239300465,
        8.80976636565,
        9.32856101965,
        8.92523939665,
        8.79601463265,
        8.81350659165,
        8.80901978565
      ],
      "parameter": "-s 1900 cornel_volumes"
    },
    {
      "command": "./target/release/rust-rt-one-weekend --width 128 --height 128 --bounces 4 -s 3300 perlin",
      "mean": 8.735258040850002,
      "stddev": 0.18596819220155056,
      "median": 8.67660575615,
      "user": 61.541663485,
      "system": 1.6469587350000001,
      "min": 8.47479378765,
      "max": 9.26730442965,
      "times": [
        8.66331561065,
        8.67022445465,
        8.72214448465,
        8.64532143965,
        8.72044207065,
        8.64108721365,
        8.84362981965,
        8.97082499065,
        8.61801924365,
        9.26730442965,
        8.47479378765,
        8.57463686965,
        8.68298705765,
        8.65889851465,
        9.04132796965,
        8.530874914650001,
        8.62426493365,
        8.84392077365,
        8.79848961265,
        8.71265262565
      ],
      "parameter": "-s 3300 perlin"
    }
  ]
}
