{
  "results": [
    {
      "command": "./target/release/rust-rt-one-weekend --width 128 --height 128 --bounces 4 -s 62 next_week_final",
      "mean": 7.8265713392050005,
      "stddev": 0.2343767889042199,
      "median": 7.920968539305,
      "user": 53.84034983999999,
      "system": 3.2045287699999996,
      "min": 7.3534154073049995,
      "max": 8.099474230305,
      "times": [
        7.365822106305,
        7.3534154073049995,
        7.838245616305,
        7.493405874305,
        7.694819392305,
        7.499772349305,
        8.060985572305,
        7.942641416304999,
        7.748968338305,
        7.928481638305,
        7.746875269305,
        7.929276433305,
        7.913455440305,
        8.064024408305,
        7.976115552305,
        7.997391078305,
        7.827995306305,
        8.099474230305,
        8.054488065305,
        7.995773289305
      ],
      "parameter": "-s 62 next_week_final"
    },
    {
      "command": "./target/release/rust-rt-one-weekend --width 128 --height 128 --bounces 4 -s 220 weekend_final",
      "mean": 8.140669569355001,
      "stddev": 0.17749680807458065,
      "median": 8.126718283805,
      "user": 59.00201214000001,
      "system": 1.54894707,
      "min": 7.845815853305,
      "max": 8.626384417305,
      "times": [
        7.845815853305,
        8.122872728305,
        8.128533147305,
        8.121177772305,
        8.199199366305,
        7.878276568305,
        8.085114837305,
        8.499207021305,
        8.035142725305,
        8.130824803305,
        8.124903420305,
        8.026438770304999,
        8.163603084305,
        8.626384417305,
        8.264336984305,
        8.171799272305,
        8.143541899305,
        8.014830130305,
        8.194985929305,
        8.036402656305
      ],
      "parameter": "-s 220 weekend_final"
    },
    {
      "command": "./target/release/rust-rt-one-weekend --width 128 --height 128 --bounces 4 -s 2950 cornel_instances",
      "mean": 7.971347939554998,
      "stddev": 0.14715082672626204,
      "median": 7.935985937305,
      "user": 57.69495718999999,
      "system": 1.35105057,
      "min": 7.770679613305,
      "max": 8.249580198304999,
      "times": [
        7.934854485305,
        7.885571695305,
        7.826302702305,
        7.9371173893049995,
        8.225351387305,
        7.927034567305,
        8.143418567305,
        7.796525201305,
        7.770679613305,
        8.053442570305,
        8.003721517305,
        7.8553839573049995,
        8.249580198304999,
        8.089771771305,
        8.058164450305,
        8.046369489305,
        7.849216107305,
        8.129249583305,
        7.779844589305,
        7.8653589483049995
      ],
      "parameter": "-s 2950 cornel_instances"
    },
    {
      "command": "./target/release/rust-rt-one-weekend --width 128 --height 128 --bounces 4 -s 1900 cornel_volumes",
      "mean": 8.005476656805,
      "stddev": 0.1382087012338215,
      "median": 7.963143247805,
      "user": 57.40277554000001,
      "system": 1.30227562,
      "min": 7.802505587305,
      "max": 8.317856863305,
      "times": [
        7.802505587305,
        8.317856863305,
        8.086003269305,
        7.941269125305,
        7.902042523305,
        8.015203909305,
        8.173089165304999,
        7.946285979305,
        7.922519344305,
        8.213269046305,
        7.980000516305,
        8.082272840305,
        7.837930037305,
        7.9050310193049995,
        7.909648590305,
        7.924049362305,
        8.133067698305,
        8.154321825304999,
        7.856686623305,
        8.006479810305
      ],
      "parameter": "-s 1900 cornel_volumes"
    },
    {
      "command": "./target/release/rust-rt-one-weekend --width 128 --height 128 --bounces 4 -s 3300 perlin",
      "mean": 7.729399808854998,
      "stddev": 0.07698053391489926,
      "median": 7.713366333305,
      "user": 55.81715944,
      "system": 1.3645537699999997,
      "min": 7.629378850305,
      "max": 7.892521765305,
      "times": [
        7.685811990305,
        7.683330636305,
        7.7762546563049995,
        7.686632243305,
        7.892521765305,
        7.711207036305,
        7.641998317305,
        7.7259679463049995,
        7.645001770305,
        7.699965266305,
        7.766441764305,
        7.846554323305,
        7.7434506413049995,
        7.720509537305,
        7.715525630305,
        7.801349659305,
        7.684351221305,
        7.650696770305,
        7.881046151305,
        7.629378850305
      ],
      "parameter": "-s 3300 perlin"
    }
  ]
}
